{
    "overall": {
        "MAE": 0.1515,
        "MAPE": 4457687298850333.5,
        "RMSE": 0.2003,
        "Accuracy": -4457687298850233.5,
        "R2_Score": -893947.0281
    },
    "per_feature": {
        "temperature": {
            "MAE": 0.1932,
            "MAPE": 58831967002250.95,
            "RMSE": 0.1933,
            "Accuracy": -58831967002150.95,
            "R2_Score": -8923.9369
        },
        "humidity": {
            "MAE": 0.34,
            "MAPE": 87828128914660.69,
            "RMSE": 0.3433,
            "Accuracy": -87828128914560.69,
            "R2_Score": -235989.1359
        },
        "pressure": {
            "MAE": 0.2561,
            "MAPE": 1142402545855964.8,
            "RMSE": 0.2586,
            "Accuracy": -1142402545855864.8,
            "R2_Score": -5010018.6317
        },
        "windSpeed": {
            "MAE": 0.0137,
            "MAPE": 4781845389485558.0,
            "RMSE": 0.023,
            "Accuracy": -4781845389485458.0,
            "R2_Score": 0.3929
        },
        "rainfall": {
            "MAE": 0.0054,
            "MAPE": 2407314907097828.0,
            "RMSE": 0.0061,
            "Accuracy": -2407314907097728.0,
            "R2_Score": -108751.7406
        },
        "lightIntensity": {
            "MAE": 0.1003,
            "MAPE": 1.8267900854745736e+16,
            "RMSE": 0.1343,
            "Accuracy": -1.8267900854745636e+16,
            "R2_Score": 0.8835
        }
    }
}